--fixme do not execute each time?

DELETE FROM orders_products;
DELETE FROM products;
DELETE FROM product_categories;
DELETE FROM users;
DELETE FROM orders;

INSERT INTO product_categories(id, name) VALUES (1, 'Food');
INSERT INTO product_categories(id, name) VALUES (2, 'Clothes');
INSERT INTO product_categories(id, name) VALUES (3, 'Books');
INSERT INTO product_categories(id, name) VALUES (4, 'Games');
INSERT INTO product_categories(id, name) VALUES (5, 'Music');
INSERT INTO product_categories(id, name) VALUES (6, 'Films');
INSERT INTO product_categories(id, name) VALUES (7, 'Other');

--Если хотим хранить фотки как bytea:
--Разрешены только относительные пути для файлов при такой загрузке
--Директория, относительно которой нужно прописать путь: SHOW data_directory;
--У меня это /usr/local/var/postgres
--INSERT INTO products(id, category_id, name, photoUrl, price)
--VALUES (1, 1, 'Bread', pg_read_binary_file('data/images/bread.jpg'), 25.7);

--Если хотим хранить фотки как bytea (2):
--INSERT INTO products(id, category_id, name, photoUrl, price)
--VALUES (1, 1, 'Bread', 'data:image/jpeg;base64,/9j/4AAQSkZJRgABAQAAAQABAAD/2wCEAAkGBxMTEhUTEhIVFRUWGBUVFxgYFRUVFRUYFRUWFxUYFRUYHSggGBolHRUVITEhJSkrLi4uFx8zODMtNygtLisBCgoKDg0OGhAQGy0mHyUtLS0tLS0tLS0tLS0tLS0tLS0tLS0tLS0tLS0tLS0tLS0tLS0tLS0tLS0tLS0tLS0tLf/AABEIAQwAvAMBIgACEQEDEQH/xAAbAAACAwEBAQAAAAAAAAAAAAAEBQIDBgEAB//EAD4QAAEDAwEFBQYFAwMDBQAAAAEAAhEDBCExBRJBUWEicYGRoQYTscHR8BQyQlLhFSPxYnKCM0PSB5KissL/xAAZAQADAQEBAAAAAAAAAAAAAAABAgMEAAX/xAAmEQACAgICAgMAAgMBAAAAAAAAAQIRAyESMQRBEyJRFGEyQnHR/9oADAMBAAIRAxEAPwAiVbvwgHXCJtKDqmmnNbNIgrLWPLjATmxszxU7HZwaEwiFGUikUcawBRe5Qe9VZSNjpEt5dJUVElANE90KirZMOoCsDl3eRsADU2VTP6R5JfX9nqZ/SE9JUSudB2IqGyG0/wAohQvA6MJ44IarSBQ/4Ey1eq8BZjazqxOCYW+ubUJRd2w5KTtFFTF3s3tL3eHrb2W0WuGCvn9zb8lZY3rqZ1RhmaewyxJrR9RtbmTqnFOIXzO19oITzZ3tUwmCVux5U+zJPGbZjAu+7jgldrtAHIMppQuQdVS/wk40G0DhWGkgXmMtKk2+I1Cm4PtHJo+ZbJ2O553n6clrLW0DBouU6zGjUKurtOmP1BZ3IuohrjCGq1Usrbcp/uHmhKvtBTHFI2OkOQV3eWdd7TMVL/accELCaYuVbnLLP9o3HQFUP2zUOjSuONW6ovCr1WPdfVjoCoG4r8iuCa590Oa5+NbzWPIrHmpNtapXaO3+GrN+3mh6+1GDikAsKq8/ZlTmjaOphd1tcHAV9Cwc8SSlB2U+ZTGiarRCaM4LsWUZPoufsEHVwVY9n6XFypqGsf1Kh9vVOrym+TH+A+Of6H/0igOPqgb2zt25Gveot2c86uKi/Ys6yleZekcsT9sptfaT3LokkLXbJ9pqdSO1BWQrez7eSVXli6llpISrM4sf4rPtFvfSMGUSK4Xwiw9tK1F0OMhbKy9v6TmAuwVrhmTRnlj2Qo7NqP1quRDfZ0HV7j4pjszZFctBI3e9NWbFeBJesKcn6NDUUIGey1PmfNWt9mqXJHVaD2mN5TqUngTKLsGgRvs/TH6QrG7Dp/tC6LtwVjdoc0vJD8TjdjMH6Qrf6awcF1t+pi9HFdyR3FkBYt5Lhsm8lb+LbzU21wutHUwX8GOS9+FHJGCoFIELqR1sBNEclCpSTAtC4aa6jrFTqCpNFODSUDbhCg8hX+GXm2h5Jo2ii6NumURXMVUrLorRZ9E2FJeNNUUBOQiubRZL2ogMIW92mQ1hK+c7UeajjyXKHJnc6Rh6lsSZXBalac2QUv6eOSMo0CLs+7Va/ABeAJGUJUrNbqQEsv8AaxiGkKU8iXY0IN9HruhNTXRSr1GAZKzvvn728XH5IihdSYeFH+UvSNH8V9tnbu9b+kJZUrOJTWrag6IE2/agLNkySbNOKEKLrR84KurWxBkZVZpEcEVZ1pgO46IJt6YZxpWikNGCPFTL+S9eUN0yF6zG/hc206OioyVjC1otf3qu4oPZ1CJot3QHDxTZ9IOAPNXUXRCTSf8AQlY07odwXDUTW1odvdOhQm2NnuZ2mZCrUuNolKrBRUUvfJe266LwvAuTkLoYG5AU27Qak91dNhU0awKbnJA4xNPSuA7REhqS2VdvNG170AYKpFyZOSSFHtJcSN0cVm/wUBO6zC5xJVNenwWqMaRBu2JadopOtk4bbwFB1FSltlY6Q9rMa8TzS+tYxohLG6iGnRNHVIIach2hXkNqWz0qljdegWgwaFSNCFKs3dV9JwcFIuneyu31gnuXKzJzoQrHW5wQe4oyrSlgdx0KpH7KiWT6PkheHyOoXXZg8QvGmA6EUbbKCUmU5RL3UxVbI5IHZlMb7gDkJjsvG81Ui33KoI4rRV1IzJ8ZOJZTbDiwjDvTmm1uIbHJC16PbDgibc5KtGNJiTlaK657QhEPrSIOiHuG9sKbsocmrQEk0hDtKg1pngUvbSBTb2iLW0i4mICw1Lb8H8p75TLNFf5CvBJ/4jy4orttbYVGztpU60tD913J2PIpt+CeGkgjyVf5GNf2S+CfvRUKEcVYGjmhKjnty5pPUfRG0iC2Rkceneuj5Sb0gvxWltkHBVNZJRLgCMK21tQ78hzxB18E/wDIixP48lsEqNyqzTRdSgWmCuFqeLT6FkmhPTpSU72fTmKThrlp5FD2tu3UcUZWHZBBgtOvcvDhFx2ezkal9SytaRjVCWo3S5OPeB0HgR6oRtLeeQenmVTj9tEISrTC6LQ5oxnj8oUqNLLmnQqdFp05BeueyZWtw1ZJu9Ce+ty0g6wUbRZvCQrroAtMoa3eREBLjgkzlJ8Qj8NBDgqL90Fver3Xo4lAbQqb+hTT4paAk21YxddA6FWUHAHVZX30HVcq7cbSLQ4669BzUvnso8P4aapXyULc7Sa0YMlCF/vG7zHAg6RxQVaj0SSyUdGK6FO261Su6D+UaCdUBQ2cMgwCNQRjwITqrR6IdzNfXnHMdFJtSdmmLpUhQbRo0BDteYPcnWxtuPpQ2pL6Z5/mb3IWpbjWVWbUxI6nv5hLzaKOCktm3qUWvbv0zvNP3CXOouYS+ng8QdCgfZnavu37j/yPxB0B59Fpb+kATGYE+BVX1ziZGnCXF9EdmU6dUNcDBB7TcYV+0dlim9tRgJBmQNR3JJ780arXDIOSObePiFq7e+a5sTpkdQdFswyjONPsjljKLtdFDG067ZEdeYKW19nlpiCeoQ9880awq08Bx7YGh6rQMr7wBAwUeat+mBwaS9oxdBxAR1GtIhSZsvG8HS31XGs3STq1YFinHvo2vJGXQbswdgjkfQrlV+69V21btY46q+qJHflXhHWjPJ/a2FWTgZKletDhrlA/iC1B17s66DlqSruaiqJqDbtDC9MN1SK72tGG+a7dXpIKzNxeDehZcmZ/6lsWJf7DU3vMqxt6SCAlVC0fVILMN4k6eHNHOt20xmY5wo7Rakym6r4iY6pTd05zPdpKZVqBIDmkEGfCOfJB16YIGD5/A/JK2ysUvRy1uqlCHA9w1HiFrti7VZXEOEP+9PosQxrxzieRI6Aq62qlpBbpy0juPBMmJPHyN3dWkJZVtw7o5NdibRbcNz+YDz69FO+tACIGvqulGvsiEW4vizN29QMJZUBg4696KZY7zCGOB3cnkWnRzeWkEcIXtpWgdHPOmoIz6qvYtVzXbonebJAOZ4Pb8CE2Nxl9WXbaVoEFuSRAgnQnmtXsS795TDXfma3TiqzYh+gDd7ONA4cuQMSpWlAjcqRDh2X8znBPdCrDC42TyzU0cuKIBMiYyPnChYViCafAdtnPddw8Cm19QkSOnqllRoFan/teD3CEsPrIRPlGglwnX1TDZ4DWbvLCEGkclOmOqs5IXjYoa/hML1ek4jBOmiDbVgyvXF07XTEIRjHjs5t3ova7cGTxGEQ+6Iys7dbRa3Ls9NJS4bce4gE4Q+SMEN8cpmjvNozqfBL6l8Bxwkle5kkqyzovqOnRo4/RR+Rydj8ElReboukNkr1CxaDvvhx/bOB38166eGYbAnlqe9LnkkEiTHR2eOfXySct0UUNWaK3228ObLG7gxugAE8AZ4J5utezeAkHGomcT8V89oXBbpkcJPmmGzPaF1J2MsOrTMa8OqdSsnLF+dj2vY7mWzPy5cMFLKlNrpGWk+Y4mVr6VdlamH0yCD6HiD1Su/2fneGHAyCOEJJRXo7HladSM+LZzeJIIgxy4eCrbRaJadHaE8Dp5JnRAeS3AI4fMfekqqtbnMiDx7xyUm2jXHYPYVqlJ4iREbw6GDI7luLXdr9ofmYXCJyHAEOaeY4jwWQbSJBE5Ax3Dl11wn3s0PdFxcRLtx3HAM5+H2FfF9lRDPFFt3RzH2UsuRuVWVNMgHv4eei1O1KE5aOv+Eiu7TfDxP8Ar6YgjzISKLUqEhK4jqkI4RwH8Kqq53CPsfwVK2qbzQdJAI8YI71Y1mhH+Mf5W2cnWiUVvYdRpl1NvTCT3H/WmMNbu95d9ITm3Ja0gHVL6lAh287J9FnchorbK2PRVBkhCAIqjVgLmxmjAf1J2nJU3V8Sg6mFVUqcVNTl0Go9gm0KrnGYz0Q1u4zlHVVbs2wD3bz8MH/yPILuPtjKfpDDZGynVe1EMHHmeQT38CIDQY4QIVmzrvdaBGNBjA5Y+9FZVhxwm0tkm5WZ3a+zHNlzRvDlGe9Lad0+mTGpGZnPTqtvmCHcUi23ssEkjUctNPj995lG9xHx5E9SM6YkcZ4CcTy5qdS2YW7wOY6ac54nwHFQFMnwg9YVrKZAkcOHxUeVGnjYZ7MbVNvU3Hn+0/BHLkQvpIoh7cZxIPMHRfLbiz3m4JluRyjU938reexd+XUA136YaO48PD5BUTT2Z80NC/bWzjl7BDxpwlWWFQXFPe/7rfzCPzYgmOB6eSf7So+hjw4FZJ7zQuwRhtTBGmTxHp4hBJJ8ZdAxzbWuw+jaOJAbg6tI4kdfvRNbWlnAwcf7ZyBHLMIplIRwkRoIzAkwNF57YEgZmJ+E+q0Y8fxAnk5h9Mb1PTLeeuPv1QFe3ica8uuceSaWAkRx585z9VRfU93v088H0KWVXyJRvk0LqQDWtHINHlAV/vQP8Id5JJJEDgJ++pVTqnZPPuSSyF1AL/FDXjn+FE1idUNTbxPRTccqCbbso0kSLlD3i77snRedb9Vsw+PLJsy5c8YaMA8AaoOvcMaCZCi7Z1Z2r/ILjNgj9UnvTrx2ZvlBba499UDWzGriBoOPitRY22AN07oH7S7wCF2Rs9u/ugYGsYnpIWlqQwQ0JIY+Ur9I0cuEa9sqqEbkAY6+ZkjigrW+/LOh0z3QDyPTj3qralzFN3TPcs3tK+dMc89D2Q3HTE+KfMotUdiuzesrBwVFamTqJx6YlIth7YmGGN/QE6EQdZ0PCVpqMEQRkfeqwtuLLvGu0ZfadqGQ6NfuV22DSCNJ4az9hPr+zkcY6awEk2fT/ue5Mb3Bx7IOPvzRb5MpjejjbSTug4gwYnUaesJ77OMLGwQWbp3HT+45aY4Alw15QrrTZ/ZAgTvEa5we0ekED0Ta2th2gRBcM/6hz6/HRasGDjtk82a9IY3L5aw88ffosf7ZUOyXgZYN8f8AHP33LaWfbp6aH1GD8/BJtvW2+3c5kDnr2I7+1PgpZI/hHC6nQQyOHIHunPirDn4qigdByEc9MfBXjRUlOxlEJtXwcFdu9C7Ugoem6Cp3Lpb1x/KhkdoeMd2C1/ynvQzMz3om4dyULekgoubpDuagrZUGkoujbkomhbDVEHC9LB4aW5nm5/LctRB9wAKpzJVzl5b0vSMf9mPNr0XKlvDSYTVtNCbUwwd/yKzz1Fsrj3JIC2fTDJPHEqN7cRrj+UNVucY1n+cpZcPJGcnv7sDjzWVSUY0jc48nbIX9UVJbkAwBpnQ6d6WUrfeZIkiDE85zjgjTrGc4EzJiCAp2pYDuyBHdHhw1Up/YrD6gFG1cTu6Qf8n/AAtJsS8qN/t1ct0niEE3dnEtyR+4Hr6o+1aHZkDdjAwRpgjUYnmpfHFlXJmoFvIEEn5g9UrvNl/3KTwMiq3U6gndPhmfBH7IuIgHtAcDqO7wTK6Ld8Fud3nzII+aTgo9C8nYPRLZBy0gyDndzrvDu+ATWo7eaIAPHjpMGMZ/lAOYDw3TxV7Lghu4eHTXhnpB+C1LLppknC2qGljUEFpwRqPml96zed0Crsq3aEcQQe5X3FTgsby80OsfCYIWxopUyIwZUHuMqxjOSF30UdIjCtcCrAzzU20ua1YvElPb0jJl8qMdIGbQlF06YC7C5K9PFhjjWjBkyyn2dLlAleKiVaiZ4lRlRLlEvROF8pZt0/255EeuPor6d612Dg+vko31HeY4agiJHDlPis2TcWi2N1JMyDqkl310x/CFFbr9+aHuqhDnMODMHvUd0yDzjoNIXmcj1eIRVqxIz6iOY1VLRodM41mNPLh4IilR3pEZ9Dxn75qVO3IzOcAn6z94S8yigX0AB1888MyNR0/ywotxPHQc8YjqJQtGhz0+SNt2Y8Jx0wPol5DOI4tDGhz/ABwTJtTAHmktKrn7+KOpVOvh1QchXEP3iUTSeCRPXz0QLBlEUglcgNIu94A5sDJmfVTcCToJ+S61rQd7ifpw5qTCToI6lUxeNKb0iGTyYxO+5++atFNSYFYvTxeNCG3tnnZM85nmBcLlxcWoieXiokqLnpkjiSreVEvVdSouOIvKpLlXVuMwBLuQ+fJFUPZ+tUG8XETwGAlcqGoT2O2LO9aIIa84OgIJU6+zq1LLDvt9V8Vq1C0y3skcRgrSbB/9QLiiQ2od5vUSVnUv0bj+GvvtnULg9oGnV/cMHxacO+PVIL32frUJdAqM/c0TA/1N1b6jqtfZbcs7xvBj+RxCJ/CVqPapu94370KnPFCf/pfF5EoGJsaJkZ/hN/wsxzjUfOU5bQt6p09zU5EANJ7tPJC3dx+HduVGOaToQ1zmuHMOAj5rBk8bJF/v/DdHy4S6FzrEz44/mFc23I1+wj6e0qJ4OnkGP/8AFENu2x2ab3f8Y/8AtCX4Zv0H+TFC2jbn18OX1TKnROMKVOq46Ui3/cR8pV9Om8nJA7h9VSPiZH2Tl5cfRJlOMkwiaZJ/KPE/IKdKiOOT1RTVsxeHCO3syZPJlLSI06A1OSrgIVZcvStSpGZ2y0uXC5QXpToB3eXN5cJVbnooBIlVueovqIS5uwMDLjoB8+S5ugpFlxcBoLnODQNSTAHeVXb0qlYxTED930RuztiOqQ+sYaMxwCLr7XY0GnbDoX8PDmpSnQyV9HRSoWbN5/afExqVm7z2nunuJYAxvAa454KL3DvbziXF2CTlLLlu64gNEfcJIvk9hcWuj5ZV2YRkhd/psLcusA8HHH4DCQbT2cGQ7kR5TlSdlFRnn27g4brojOJB5DPXPkn+yvbC4t4B7bdCDxVBtSBJEF2Y5ch4CPVDVbdJbGpH0LZ237S8ADiGP5HCYGhWpjH92lqGu7Q/4nVp7l8eqUMyMRoR8U62T7VXVvjf328nZCdToVwPplnXovMf9N37XYHg7Qo82e7wWQ2f7T2lyA2qPdv0J0E/RN7e5r0RvMcKlLkTOOnHyVFlXsRwY6bTU91DbP21RrYncdyOk96PqUSMjI5hWVPom7XZWpBVwpFNR1nt5e31EhcK6gWTFRe3wqXKlz4ROCjKqfUAzKFqXm71PADUoiz2W+sQ6qd1nL680rlQaBWVXVXbtMGP3fQJxRtKNs3fqntnQauJ6BUXG2GUpp27Q46b36QcnJ540SgNc5+/UcXOPP4ALO8nLoqoV2MLvaFSvg9in+0cf9x+SrtmbojkuyIVfvO0euUg5c6PNCPYZw70V5dhVEJkLYqt2Q0nqT8vkll5b772t/5u7gcDxPmAU5rQABwGqDtWEguIy/PcP0jyzHMlcABqWYKU31jwHHXuWpqNACGFtOTxQcQ2Y99mRwVFS3WwrWYPBLbmwgE+KRxHUjH3lCNMFEbN2zcW5ljzA4TLf/ai3WpJJherWeIhIxkaLZ/tTRuCA+n7upoC38pzy4LWWdxXpiWObVpiJgzg/BfHby1zDcHVS2ftO4t3TTqub01aehadVSEqElGz7ha7foVDuuIa7kY+P1R5og/lIK+TM9oKNQ7xABcMwACD80xtNqgZbWe0cpM+qus36SeP8PoT2kaqG8sY3bVVxj38gZzBx1KYUw94P90+B+iPzRB8bHlaoGiSQO8wl1a7fUO7RaTP6iMDuHFWWOzKLYdWqTHFxkpp/Wbdgii0vd5DzQ+VMPCiGztnMotNSuZcOfH75IettF9xMSymMAaE406cPND3VZ9U7zzgZgaD6o2jSDWgefeclSn9uykddAvug0gAYAJ6SSAPg7zUB+b76oh5knwHkJ//AEhSYPehQ1hDnIe4dEFXFU3OiZIVsuBkLxVNrUxHJXJ6FFdyN4hvA5d3Dh8B4q4NUKDePP4DTzyfFWVTAxqUoCl4k9B8VLdU2MhT3VxxRuIG/pz2fNMqhgSg6DJMlcEEp7PEaIS5sgJK0jm4hLrxoJ3eA1SuKYykZT8ATJPH5qo7Nn7++q1QtsTC4bQfJDidyMf/AEKTIwuM2ZXb+UyPv6FbVlmp0rQLuJ3IyVChcAiG8en3xTe1o3ThE7vp8FoaFqAe74/fwRIYAhwDyFdlso/9xxdEJtRohowF1uB4rpcnSFsnTyQOvoEU9yFtdSeWPNTr1Ia48gT5BdRxFjuPMk+Zx6Qqquo71Y0YHcPgoPGPEIpHWWqNVsgqbRleKYAtBIMqxldwV1ejJB81eAjYAUBQbkz5LtTRSaMIAOgL0KQC5UwCgECunSd0Ii3pwFRbCTJR8LmcD1nwJQAB8SiLs9oDgvUxnwQCRDIUhT0U4VrAiAiW4XabPqpvCmB8kAnWMwvEKwqt6NHHOXmokrpUTxRAE0B2e/KqvD2SOcD6+iJdoEPX+vwQoJKkeyO5eeMLlD8oUn6FEBZTXivUlJwXHEHoFxyUagqwyUUFH//Z', 25.7);


INSERT INTO products(id, category_id, name, photo_url, price)
VALUES (1, 1, 'Bread', 'http://images.bigoven.com/image/upload/t_recipe-256/basic-bread-4.jpg', 25.7);
INSERT INTO products(id, category_id, name, photo_url, price)
VALUES (2, 1, 'Milk', 'https://encrypted-tbn0.gstatic.com/images?q=tbn:ANd9GcSWONLSk75TJHOFNk6z7_nOlI_GJF76bRnWgPfDywcQauktXU_M9A', 43.4);
INSERT INTO products(id, category_id, name, photo_url, price)
VALUES (3, 2, 'MIPT T-Shirt', null, 650.0);
INSERT INTO products(id, category_id, name, photo_url, price)
VALUES (4, 3, 'Physics by Sivukhin', null, 850.0);
INSERT INTO products(id, category_id, name, photo_url, price)
VALUES (5, 3, 'Java by Hortsmann', null, 2000.0);
INSERT INTO products(id, category_id, name, photo_url, price)
VALUES (6, 3, 'Thinking in Java by Eckel', null, 3000.0);
INSERT INTO products(id, category_id, name, photo_url, price)
VALUES (7, 4, 'Escape from Beck', null, 15000.0);
INSERT INTO products(id, category_id, name, photo_url, price)
VALUES (8, 5, 'Ovchinkin singing CD #1', null, 330.0);
INSERT INTO products(id, category_id, name, photo_url, price)
VALUES (9, 5, 'Ovchinkin singing CD #2', null, 330.0);
INSERT INTO products(id, category_id, name, photo_url, price)
VALUES (10, 6, 'Ovchinkin stand-ups: mechanics', null, 450.0);
INSERT INTO products(id, category_id, name, photo_url, price)
VALUES (11, 6, 'Ovchinkin stand-ups: thermodynamics', null, 450.0);
INSERT INTO products(id, category_id, name, photo_url, price)
VALUES (12, 6, 'Ovchinkin stand-ups: electricity', null, 450.0);
INSERT INTO products(id, category_id, name, photo_url, price)
VALUES (13, 6, 'Ovchinkin stand-ups: optics', null, 450.0);
INSERT INTO products(id, category_id, name, photo_url, price)
VALUES (14, 6, 'Ovchinkin stand-ups: quantum physics', null, 450.0);

INSERT INTO users(id, email, name, photo, password_hash, password_salt)
VALUES (1, 'iaulitin@yandex.ru', 'iaulitin', null, null, null);

INSERT INTO orders(id, user_id, status_code, updated_date_time, comment)
VALUES (1, 1, 0, '2019-04-13 16:50:03.268000', 'It would be nice to receive my order ASAP.');
INSERT INTO orders_products(order_id, product_id, quantity) VALUES (1, 1, 10);
INSERT INTO orders_products(order_id, product_id, quantity) VALUES (1, 2, 20);
INSERT INTO orders_products(order_id, product_id, quantity) VALUES (1, 7, 15);

INSERT INTO orders(id, user_id, status_code, updated_date_time, comment)
VALUES (2, 1, 1, '2019-03-14 10:00:46.668000', 'Hope you have nice service!!!1');
INSERT INTO orders_products(order_id, product_id, quantity) VALUES (2, 4, 9);
INSERT INTO orders_products(order_id, product_id, quantity) VALUES (2, 3, 7);
INSERT INTO orders_products(order_id, product_id, quantity) VALUES (2, 6, 9)